{
    "rmse": 0.7577189647363181,
    "mae": 0.5741380295210776,
    "r2": 0.21044085482960584
}