{
    "rmse": 0.733221679861455,
    "mae": 0.537614031818854,
    "r2": 0.2672032089025581
}